section,maqam,koma53,key,value
divergers,Uşşak,312,round=71_simple=70,6068
divergers,Uşşak,313,round=71_simple=70,801
divergers,Uşşak,326,round=74_simple=73,2
divergers,Uşşak,334,round=76_simple=75,5
divergers,Uşşak,335,round=76_simple=75,7
divergers,Uşşak,341,round=77_simple=78,2
divergers,Uşşak,342,round=77_simple=78,4
divergers,Uşşak,357,round=81_simple=80,1
divergers,Uşşak,365,round=83_simple=82,76
divergers,Uşşak,366,round=83_simple=82,27
divergers,Hüseyni,288,round=65_simple=66,3
divergers,Hüseyni,312,round=71_simple=70,3210
divergers,Hüseyni,313,round=71_simple=70,432
divergers,Hüseyni,335,round=76_simple=75,2
divergers,Hüseyni,341,round=77_simple=78,37
divergers,Hüseyni,342,round=77_simple=78,78
divergers,Hüseyni,365,round=83_simple=82,199
divergers,Hüseyni,366,round=83_simple=82,108
divergers,Nihâvend,312,round=71_simple=70,40
divergers,Nihâvend,313,round=71_simple=70,58
divergers,Nihâvend,334,round=76_simple=75,36
divergers,Nihâvend,335,round=76_simple=75,265
divergers,Nihâvend,365,round=83_simple=82,10
divergers,Nihâvend,366,round=83_simple=82,24
impact,Uşşak,all,n_div,6983.0
impact,Uşşak,all,n_chg,6983.0
impact,Uşşak,all,orig_mean,0.038571
impact,Uşşak,all,alt_mean,-1.074464
impact,Uşşak,all,diff_mean,-1.113035
impact,Uşşak,all,diff_med,-1.051791
impact,Uşşak,all,wilcoxon_W,0.0
impact,Uşşak,all,wilcoxon_p,0.0
impact,Hüseyni,all,n_div,3834.0
impact,Hüseyni,all,n_chg,3834.0
impact,Hüseyni,all,orig_mean,0.069844
impact,Hüseyni,all,alt_mean,-0.732017
impact,Hüseyni,all,diff_mean,-0.80186
impact,Hüseyni,all,diff_med,-0.775479
impact,Hüseyni,all,wilcoxon_W,0.0
impact,Hüseyni,all,wilcoxon_p,0.0
impact,Nihâvend,all,n_div,423.0
impact,Nihâvend,all,n_chg,423.0
impact,Nihâvend,all,orig_mean,0.019218
impact,Nihâvend,all,alt_mean,0.015004
impact,Nihâvend,all,diff_mean,-0.004214
impact,Nihâvend,all,diff_med,0.0
impact,Nihâvend,all,wilcoxon_W,438.0
impact,Nihâvend,all,wilcoxon_p,0.182416
