section,maqam,key,metric,value
1A,Uşşak,corpus,mean_delta_ic,0.035242
1A,Uşşak,corpus,dh_baseline,0.137776
1A,Uşşak,corpus,R_corpus,0.25579
1A,Hüseyni,corpus,mean_delta_ic,0.047357
1A,Hüseyni,corpus,dh_baseline,0.152683
1A,Hüseyni,corpus,R_corpus,0.310166
1A,Nihâvend,corpus,mean_delta_ic,0.02237
1A,Nihâvend,corpus,dh_baseline,0.050105
1A,Nihâvend,corpus,R_corpus,0.446468
1A,Uşşak,tet66,h_cond,0.997535
1A,Uşşak,tet70,h_cond,1.429523
1A,Uşşak,tet71,h_cond,0.558196
1A,Uşşak,tet72,h_cond,0.001917
1A,Uşşak,tet73,h_cond,0.706113
1A,Uşşak,tet74,h_cond,0.003338
1A,Uşşak,tet75,h_cond,1.34286
1A,Uşşak,tet76,h_cond,0.027136
1A,Uşşak,tet77,h_cond,0.031352
1A,Uşşak,tet78,h_cond,1.058461
1A,Uşşak,tet81,h_cond,0.014341
1A,Uşşak,tet82,h_cond,0.515947
1A,Uşşak,tet83,h_cond,0.900205
1A,Hüseyni,tet66,h_cond,0.983939
1A,Hüseyni,tet70,h_cond,0.197453
1A,Hüseyni,tet71,h_cond,0.510198
1A,Hüseyni,tet73,h_cond,1.211927
1A,Hüseyni,tet75,h_cond,0.690695
1A,Hüseyni,tet76,h_cond,0.004218
1A,Hüseyni,tet77,h_cond,0.516466
1A,Hüseyni,tet78,h_cond,0.862732
1A,Hüseyni,tet80,h_cond,0.642064
1A,Hüseyni,tet82,h_cond,0.468996
1A,Hüseyni,tet83,h_cond,1.441967
1A,Nihâvend,tet70,h_cond,0.016333
1A,Nihâvend,tet71,h_cond,1.259319
1A,Nihâvend,tet73,h_cond,0.456067
1A,Nihâvend,tet75,h_cond,0.135519
1A,Nihâvend,tet76,h_cond,1.287962
1A,Nihâvend,tet78,h_cond,0.261192
1A,Nihâvend,tet80,h_cond,0.742488
1A,Nihâvend,tet82,h_cond,0.016365
1A,Nihâvend,tet83,h_cond,0.954434
1A,all,stats,KW_H,4.928442
1A,all,stats,KW_p,0.085075
1A,all,stats,MW_U,14777.0
1A,all,stats,MW_p,0.052583
1A,all,stats,MW_d,-0.029709
1B,Uşşak,corpus,mean_H_koma,1.525744
1B,Uşşak,corpus,mean_H_12tet,1.650154
1B,Uşşak,corpus,mean_dH_model,-0.12441
1B,Hüseyni,corpus,mean_H_koma,1.532252
1B,Hüseyni,corpus,mean_H_12tet,1.646906
1B,Hüseyni,corpus,mean_dH_model,-0.114654
1B,Nihâvend,corpus,mean_H_koma,1.693379
1B,Nihâvend,corpus,mean_H_12tet,1.794419
1B,Nihâvend,corpus,mean_dH_model,-0.10104
1B,Uşşak,piece,spearman_rho,0.2688
1B,Uşşak,piece,spearman_p,0.003388
1B,Hüseyni,piece,spearman_rho,0.2155
1B,Hüseyni,piece,spearman_p,0.0438
1B,Nihâvend,piece,spearman_rho,-0.0531
1B,Nihâvend,piece,spearman_p,0.551882
1C,Uşşak,OLS,slope,0.40866
1C,Uşşak,OLS,se,0.040623
1C,Uşşak,OLS,ci_lo,0.3282
1C,Uşşak,OLS,ci_hi,0.489119
1C,Uşşak,OLS,p,0.0
1C,Uşşak,OLS,r2,0.104303
1C,Uşşak,OLS,n,31714.0
1C,Uşşak,OLS,n_classes,13.0
1C,Uşşak,OLS,n_clusters,117.0
1C,Hüseyni,OLS,slope,0.419134
1C,Hüseyni,OLS,se,0.039746
1C,Hüseyni,OLS,ci_lo,0.340134
1C,Hüseyni,OLS,ci_hi,0.498133
1C,Hüseyni,OLS,p,0.0
1C,Hüseyni,OLS,r2,0.116317
1C,Hüseyni,OLS,n,13770.0
1C,Hüseyni,OLS,n_classes,11.0
1C,Hüseyni,OLS,n_clusters,88.0
1C,Nihâvend,OLS,slope,0.496047
1C,Nihâvend,OLS,se,0.043176
1C,Nihâvend,OLS,ci_lo,0.410609
1C,Nihâvend,OLS,ci_hi,0.581485
1C,Nihâvend,OLS,p,0.0
1C,Nihâvend,OLS,r2,0.180424
1C,Nihâvend,OLS,n,15511.0
1C,Nihâvend,OLS,n_classes,9.0
1C,Nihâvend,OLS,n_clusters,128.0
1C,combined,OLS,slope,0.438917
1C,combined,OLS,se,0.024631
1C,combined,OLS,ci_lo,0.390463
1C,combined,OLS,ci_hi,0.48737
1C,combined,OLS,p,0.0
1C,combined,OLS,r2,0.128102
1C,combined,OLS,n,60995.0
1C,combined,OLS,n_classes,33.0
1C,combined,OLS,n_clusters,333.0
1D,Uşşak,d=28,n_notes,57
1D,Uşşak,d=28,mean_delta_ic,1.5206
1D,Uşşak,d=28,koma53,333
1D,Uşşak,d=28,nota53,Mi5b3
1D,Uşşak,d=28,tet12_class,75
1D,Uşşak,d=28,companions,"Mi5b4,Mi5b5,Re5#4"
1D,Uşşak,d=5,n_notes,76
1D,Uşşak,d=5,mean_delta_ic,1.1089
1D,Uşşak,d=5,koma53,"310,363"
1D,Uşşak,d=5,nota53,"Si4b4,Si5b4"
1D,Uşşak,d=5,tet12_class,"70,82"
1D,Uşşak,d=5,companions,"La4#3,La4#4,Si4b3,Si4b5,Si5b5"
1D,Uşşak,d=8,n_notes,828
1D,Uşşak,d=8,mean_delta_ic,0.8521
1D,Uşşak,d=8,koma53,"313,366"
1D,Uşşak,d=8,nota53,"Si4b1,Si5b1"
1D,Uşşak,d=8,tet12_class,"71,83"
1D,Uşşak,d=8,companions,"Si4,Si4b2,Si5,Si5b2"
1D,Uşşak,d=39,n_notes,483
1D,Uşşak,d=39,mean_delta_ic,0.7585
1D,Uşşak,d=39,koma53,"291,344"
1D,Uşşak,d=39,nota53,"Fa4#4,Fa5#4"
1D,Uşşak,d=39,tet12_class,"66,78"
1D,Uşşak,d=39,companions,"Fa4#3,Fa5#3,Fa5#5"
1D,Uşşak,d=4,n_notes,86
1D,Uşşak,d=4,mean_delta_ic,0.7543
1D,Uşşak,d=4,koma53,"309,362"
1D,Uşşak,d=4,nota53,"La4#4,Si4b5,Si5b5"
1D,Uşşak,d=4,tet12_class,"70,82"
1D,Uşşak,d=4,companions,"La4#3,Si4b3,Si4b4,Si5b4"
1D,Uşşak,d=17,n_notes,94
1D,Uşşak,d=17,mean_delta_ic,0.6665
1D,Uşşak,d=17,koma53,322
1D,Uşşak,d=17,nota53,"Do5#4,Re5b5"
1D,Uşşak,d=17,tet12_class,73
1D,Uşşak,d=17,companions,"Do5#3,Re5b3,Re5b4"
1D,Uşşak,d=38,n_notes,448
1D,Uşşak,d=38,mean_delta_ic,0.5665
1D,Uşşak,d=38,koma53,"290,343"
1D,Uşşak,d=38,nota53,"Fa4#3,Fa5#3"
1D,Uşşak,d=38,tet12_class,"66,78"
1D,Uşşak,d=38,companions,"Fa4#4,Fa5#4,Fa5#5"
1D,Uşşak,d=27,n_notes,159
1D,Uşşak,d=27,mean_delta_ic,0.4487
1D,Uşşak,d=27,koma53,332
1D,Uşşak,d=27,nota53,Mi5b4
1D,Uşşak,d=27,tet12_class,75
1D,Uşşak,d=27,companions,"Mi5b3,Mi5b5,Re5#4"
1D,Uşşak,d=7,n_notes,6134
1D,Uşşak,d=7,mean_delta_ic,0.0712
1D,Uşşak,d=7,koma53,"312,365"
1D,Uşşak,d=7,nota53,"Si4b2,Si5b2"
1D,Uşşak,d=7,tet12_class,"71,83"
1D,Uşşak,d=7,companions,"Si4,Si4b1,Si5,Si5b1"
1D,Uşşak,d=35,n_notes,2070
1D,Uşşak,d=35,mean_delta_ic,0.0677
1D,Uşşak,d=35,koma53,"287,340"
1D,Uşşak,d=35,nota53,"Fa4,Fa5,Mi5#4"
1D,Uşşak,d=35,tet12_class,"65,77"
1D,Uşşak,d=35,companions,"Fa5#1,Fa5#2"
1D,Uşşak,d=44,n_notes,3832
1D,Uşşak,d=44,mean_delta_ic,0.0278
1D,Uşşak,d=44,koma53,"296,349"
1D,Uşşak,d=44,nota53,"Sol4,Sol5"
1D,Uşşak,d=44,tet12_class,"67,79"
1D,Uşşak,d=44,companions,—
1D,Uşşak,d=0,n_notes,6996
1D,Uşşak,d=0,mean_delta_ic,-0.01
1D,Uşşak,d=0,koma53,"305,358"
1D,Uşşak,d=0,nota53,"La4,La5"
1D,Uşşak,d=0,tet12_class,"69,81"
1D,Uşşak,d=0,companions,La5b1
1D,Uşşak,d=31,n_notes,4978
1D,Uşşak,d=31,mean_delta_ic,-0.0106
1D,Uşşak,d=31,koma53,"283,336"
1D,Uşşak,d=31,nota53,"Mi4,Mi5"
1D,Uşşak,d=31,tet12_class,"64,76"
1D,Uşşak,d=31,companions,"Mi5b1,Mi5b2"
1D,Uşşak,d=22,n_notes,8103
1D,Uşşak,d=22,mean_delta_ic,-0.0613
1D,Uşşak,d=22,koma53,"274,327,380"
1D,Uşşak,d=22,nota53,"Re4,Re5,Re6"
1D,Uşşak,d=22,tet12_class,"62,74,86"
1D,Uşşak,d=22,companions,Re5b1
1D,Uşşak,d=13,n_notes,7539
1D,Uşşak,d=13,mean_delta_ic,-0.0847
1D,Uşşak,d=13,koma53,"318,371"
1D,Uşşak,d=13,nota53,"Do5,Do6"
1D,Uşşak,d=13,tet12_class,"72,84"
1D,Uşşak,d=13,companions,Do5#2
1D,Hüseyni,d=37,n_notes,78
1D,Hüseyni,d=37,mean_delta_ic,1.9333
1D,Hüseyni,d=37,koma53,342
1D,Hüseyni,d=37,nota53,Fa5#2
1D,Hüseyni,d=37,tet12_class,77
1D,Hüseyni,d=37,companions,"Fa5,Fa5#1,Mi5#3,Mi5#4"
1D,Hüseyni,d=9,n_notes,97
1D,Hüseyni,d=9,mean_delta_ic,1.3671
1D,Hüseyni,d=9,koma53,"314,367"
1D,Hüseyni,d=9,nota53,"Si4,Si5"
1D,Hüseyni,d=9,tet12_class,"71,83"
1D,Hüseyni,d=9,companions,"Si4b1,Si4b2,Si5b1,Si5b2"
1D,Hüseyni,d=8,n_notes,418
1D,Hüseyni,d=8,mean_delta_ic,1.1465
1D,Hüseyni,d=8,koma53,"313,366"
1D,Hüseyni,d=8,nota53,"Si4b1,Si5b1"
1D,Hüseyni,d=8,tet12_class,"71,83"
1D,Hüseyni,d=8,companions,"Si4,Si4b2,Si5,Si5b2"
1D,Hüseyni,d=39,n_notes,576
1D,Hüseyni,d=39,mean_delta_ic,0.7157
1D,Hüseyni,d=39,koma53,"291,344"
1D,Hüseyni,d=39,nota53,"Fa4#4,Fa5#4"
1D,Hüseyni,d=39,tet12_class,"66,78"
1D,Hüseyni,d=39,companions,"Fa4#3,Fa5#3"
1D,Hüseyni,d=48,n_notes,56
1D,Hüseyni,d=48,mean_delta_ic,0.6922
1D,Hüseyni,d=48,koma53,"300,353"
1D,Hüseyni,d=48,nota53,"La5b5,Sol4#4,Sol5#4"
1D,Hüseyni,d=48,tet12_class,"68,80"
1D,Hüseyni,d=48,companions,La5b4
1D,Hüseyni,d=17,n_notes,136
1D,Hüseyni,d=17,mean_delta_ic,0.6799
1D,Hüseyni,d=17,koma53,"322,375"
1D,Hüseyni,d=17,nota53,"Do5#4,Do6#4"
1D,Hüseyni,d=17,tet12_class,"73,85"
1D,Hüseyni,d=17,companions,"Do5#3,Re5b3,Re5b4"
1D,Hüseyni,d=19,n_notes,56
1D,Hüseyni,d=19,mean_delta_ic,0.4641
1D,Hüseyni,d=19,koma53,324
1D,Hüseyni,d=19,nota53,Re5b3
1D,Hüseyni,d=19,tet12_class,73
1D,Hüseyni,d=19,companions,"Do5#3,Do5#4,Re5b4"
1D,Hüseyni,d=38,n_notes,1419
1D,Hüseyni,d=38,mean_delta_ic,0.2653
1D,Hüseyni,d=38,koma53,"290,343"
1D,Hüseyni,d=38,nota53,"Fa4#3,Fa5#3"
1D,Hüseyni,d=38,tet12_class,"66,78"
1D,Hüseyni,d=38,companions,"Fa4#4,Fa5#4"
1D,Hüseyni,d=35,n_notes,1265
1D,Hüseyni,d=35,mean_delta_ic,0.1777
1D,Hüseyni,d=35,koma53,340
1D,Hüseyni,d=35,nota53,"Fa5,Mi5#4"
1D,Hüseyni,d=35,tet12_class,77
1D,Hüseyni,d=35,companions,"Fa5#1,Fa5#2,Mi5#3"
1D,Hüseyni,d=5,n_notes,95
1D,Hüseyni,d=5,mean_delta_ic,0.1748
1D,Hüseyni,d=5,koma53,310
1D,Hüseyni,d=5,nota53,Si4b4
1D,Hüseyni,d=5,tet12_class,70
1D,Hüseyni,d=5,companions,"La4#4,Si4b5"
1D,Hüseyni,d=7,n_notes,3296
1D,Hüseyni,d=7,mean_delta_ic,0.0997
1D,Hüseyni,d=7,koma53,"312,365"
1D,Hüseyni,d=7,nota53,"Si4b2,Si5b2"
1D,Hüseyni,d=7,tet12_class,"71,83"
1D,Hüseyni,d=7,companions,"Si4,Si4b1,Si5,Si5b1"
1D,Hüseyni,d=0,n_notes,4614
1D,Hüseyni,d=0,mean_delta_ic,-0.011
1D,Hüseyni,d=0,koma53,"305,358"
1D,Hüseyni,d=0,nota53,"La4,La5"
1D,Hüseyni,d=0,tet12_class,"69,81"
1D,Hüseyni,d=0,companions,—
1D,Hüseyni,d=44,n_notes,3593
1D,Hüseyni,d=44,mean_delta_ic,-0.0161
1D,Hüseyni,d=44,koma53,"296,349"
1D,Hüseyni,d=44,nota53,"Sol4,Sol5"
1D,Hüseyni,d=44,tet12_class,"67,79"
1D,Hüseyni,d=44,companions,—
1D,Hüseyni,d=31,n_notes,6183
1D,Hüseyni,d=31,mean_delta_ic,-0.0339
1D,Hüseyni,d=31,koma53,"283,336,389"
1D,Hüseyni,d=31,nota53,"Mi4,Mi5,Mi6"
1D,Hüseyni,d=31,tet12_class,"64,76,88"
1D,Hüseyni,d=31,companions,Mi5b1
1D,Hüseyni,d=22,n_notes,6422
1D,Hüseyni,d=22,mean_delta_ic,-0.0344
1D,Hüseyni,d=22,koma53,"327,380"
1D,Hüseyni,d=22,nota53,"Re5,Re6"
1D,Hüseyni,d=22,tet12_class,"74,86"
1D,Hüseyni,d=22,companions,—
1D,Hüseyni,d=13,n_notes,4826
1D,Hüseyni,d=13,mean_delta_ic,-0.0792
1D,Hüseyni,d=13,koma53,"318,371"
1D,Hüseyni,d=13,nota53,"Do5,Do6"
1D,Hüseyni,d=13,tet12_class,"72,84"
1D,Hüseyni,d=13,companions,—
1D,Nihâvend,d=36,n_notes,55
1D,Nihâvend,d=36,mean_delta_ic,3.4529
1D,Nihâvend,d=36,koma53,332
1D,Nihâvend,d=36,nota53,Mi5b4
1D,Nihâvend,d=36,tet12_class,75
1D,Nihâvend,d=36,companions,"Mi5b3,Mi5b5,Re5#4"
1D,Nihâvend,d=17,n_notes,82
1D,Nihâvend,d=17,mean_delta_ic,1.6105
1D,Nihâvend,d=17,koma53,"313,366"
1D,Nihâvend,d=17,nota53,"Si4b1,Si5b1"
1D,Nihâvend,d=17,tet12_class,"71,83"
1D,Nihâvend,d=17,companions,"Si4,Si4b2,Si5"
1D,Nihâvend,d=49,n_notes,55
1D,Nihâvend,d=49,mean_delta_ic,1.1856
1D,Nihâvend,d=49,koma53,345
1D,Nihâvend,d=49,nota53,"Fa5#5,Sol5b4"
1D,Nihâvend,d=49,tet12_class,78
1D,Nihâvend,d=49,companions,"Fa5#4,Sol5b3,Sol5b5"
1D,Nihâvend,d=39,n_notes,265
1D,Nihâvend,d=39,mean_delta_ic,1.1129
1D,Nihâvend,d=39,koma53,335
1D,Nihâvend,d=39,nota53,Mi5b1
1D,Nihâvend,d=39,tet12_class,76
1D,Nihâvend,d=39,companions,"Mi5,Mi5b2"
1D,Nihâvend,d=40,n_notes,213
1D,Nihâvend,d=40,mean_delta_ic,0.6079
1D,Nihâvend,d=40,koma53,"283,336,389"
1D,Nihâvend,d=40,nota53,"Mi4,Mi5,Mi6"
1D,Nihâvend,d=40,tet12_class,"64,76,88"
1D,Nihâvend,d=40,companions,"Mi5b1,Mi5b2"
1D,Nihâvend,d=18,n_notes,231
1D,Nihâvend,d=18,mean_delta_ic,0.5861
1D,Nihâvend,d=18,koma53,"314,367,420"
1D,Nihâvend,d=18,nota53,"Si4,Si5,Si6"
1D,Nihâvend,d=18,tet12_class,"71,83,95"
1D,Nihâvend,d=18,companions,"Si4b1,Si4b2,Si5b1"
1D,Nihâvend,d=4,n_notes,70
1D,Nihâvend,d=4,mean_delta_ic,0.5313
1D,Nihâvend,d=4,koma53,"300,353"
1D,Nihâvend,d=4,nota53,"La4b5,La5b5,Sol4#4,Sol5#4"
1D,Nihâvend,d=4,tet12_class,"68,80"
1D,Nihâvend,d=4,companions,La5b4
1D,Nihâvend,d=26,n_notes,405
1D,Nihâvend,d=26,mean_delta_ic,0.3002
1D,Nihâvend,d=26,koma53,"269,322,375"
1D,Nihâvend,d=26,nota53,"Do4#4,Do5#4,Do6#4,Re5b5"
1D,Nihâvend,d=26,tet12_class,"61,73,85"
1D,Nihâvend,d=26,companions,"Re5b3,Re5b4"
1D,Nihâvend,d=48,n_notes,2527
1D,Nihâvend,d=48,mean_delta_ic,0.2006
1D,Nihâvend,d=48,koma53,"291,344,397"
1D,Nihâvend,d=48,nota53,"Fa4#4,Fa5#4,Fa6#4,Sol5b5"
1D,Nihâvend,d=48,tet12_class,"66,78,90"
1D,Nihâvend,d=48,companions,"Fa5#5,Sol5b3,Sol5b4"
1D,Nihâvend,d=35,n_notes,5295
1D,Nihâvend,d=35,mean_delta_ic,0.0072
1D,Nihâvend,d=35,koma53,"278,331,384"
1D,Nihâvend,d=35,nota53,"Mi4b5,Mi5b5,Mi6b5,Re5#4"
1D,Nihâvend,d=35,tet12_class,"63,75,87"
1D,Nihâvend,d=35,companions,"Mi5b3,Mi5b4"
1D,Nihâvend,d=13,n_notes,7275
1D,Nihâvend,d=13,mean_delta_ic,-0.0029
1D,Nihâvend,d=13,koma53,"256,309,362"
1D,Nihâvend,d=13,nota53,"La4#4,La5#4,Si3b5,Si4b5,Si5b5"
1D,Nihâvend,d=13,tet12_class,"58,70,82"
1D,Nihâvend,d=13,companions,"La5#5,Si4b4"
1D,Nihâvend,d=9,n_notes,7000
1D,Nihâvend,d=9,mean_delta_ic,-0.0125
1D,Nihâvend,d=9,koma53,"252,305,358"
1D,Nihâvend,d=9,nota53,"La3,La4,La5"
1D,Nihâvend,d=9,tet12_class,"57,69,81"
1D,Nihâvend,d=9,companions,—
1D,Nihâvend,d=44,n_notes,3032
1D,Nihâvend,d=44,mean_delta_ic,-0.0159
1D,Nihâvend,d=44,koma53,"287,340,393"
1D,Nihâvend,d=44,nota53,"Fa4,Fa5,Fa6"
1D,Nihâvend,d=44,tet12_class,"65,77,89"
1D,Nihâvend,d=44,companions,—
1D,Nihâvend,d=31,n_notes,9980
1D,Nihâvend,d=31,mean_delta_ic,-0.0246
1D,Nihâvend,d=31,koma53,"274,327,380"
1D,Nihâvend,d=31,nota53,"Re4,Re5,Re6"
1D,Nihâvend,d=31,tet12_class,"62,74,86"
1D,Nihâvend,d=31,companions,—
1D,Nihâvend,d=22,n_notes,6372
1D,Nihâvend,d=22,mean_delta_ic,-0.0282
1D,Nihâvend,d=22,koma53,"265,318,371,424"
1D,Nihâvend,d=22,nota53,"Do4,Do5,Do6,Do7"
1D,Nihâvend,d=22,tet12_class,"60,72,84,96"
1D,Nihâvend,d=22,companions,—
1D,Nihâvend,d=0,n_notes,8467
1D,Nihâvend,d=0,mean_delta_ic,-0.045
1D,Nihâvend,d=0,koma53,"243,296,349,402"
1D,Nihâvend,d=0,nota53,"Sol3,Sol4,Sol5,Sol6"
1D,Nihâvend,d=0,tet12_class,"55,67,79,91"
1D,Nihâvend,d=0,companions,—
