maqam,degree,section,key,value
huseyni,37,1_distribution,n_pieces_with,16
huseyni,37,1_distribution,total_pieces,92
huseyni,37,1_distribution,pct_pieces_with,17.39
huseyni,37,1_distribution,median_notes_per_piece,4.0
huseyni,37,1_distribution,max_notes_per_piece,12
huseyni,37,1_distribution,total_occurrences,78
huseyni,37,2_companion,comp35_base_rate_piece_pct,81.52
huseyni,37,2_companion,comp35_cooccur_piece_pct,93.75
huseyni,37,2_companion,comp35_window_rate_pct,64.1
huseyni,37,2_companion,comp35_window_base_rate_pct,55.74
huseyni,37,2_companion,comp35_lift,1.15
huseyni,37,2_companion,comp36_base_rate_piece_pct,14.13
huseyni,37,2_companion,comp36_cooccur_piece_pct,31.25
huseyni,37,2_companion,comp36_window_rate_pct,1.28
huseyni,37,2_companion,comp36_window_base_rate_pct,2.62
huseyni,37,2_companion,comp36_lift,0.489
huseyni,37,2_companion,comp39_base_rate_piece_pct,36.96
huseyni,37,2_companion,comp39_cooccur_piece_pct,62.5
huseyni,37,2_companion,comp39_window_rate_pct,15.38
huseyni,37,2_companion,comp39_window_base_rate_pct,16.37
huseyni,37,2_companion,comp39_lift,0.94
huseyni,37,2_companion,comp31_base_rate_piece_pct,97.83
huseyni,37,2_companion,comp31_cooccur_piece_pct,100.0
huseyni,37,2_companion,comp31_window_rate_pct,100.0
huseyni,37,2_companion,comp31_window_base_rate_pct,91.76
huseyni,37,2_companion,comp31_lift,1.09
huseyni,37,2_companion,comp44_base_rate_piece_pct,97.83
huseyni,37,2_companion,comp44_cooccur_piece_pct,100.0
huseyni,37,2_companion,comp44_window_rate_pct,100.0
huseyni,37,2_companion,comp44_window_base_rate_pct,89.41
huseyni,37,2_companion,comp44_lift,1.118
huseyni,37,3_clustering,n_runs,74
huseyni,37,3_clustering,pct_isolated,95.9
huseyni,37,3_clustering,mean_run_length,1.054
huseyni,37,3_clustering,max_run_length,3
huseyni,37,4_duration_metric,mean_dur_ticks_target,38.15
huseyni,37,4_duration_metric,mean_dur_ticks_corpus,55.6
huseyni,37,4_duration_metric,dur_ratio,0.686
huseyni,37,4_duration_metric,pct_near_beat_target,10.3
huseyni,37,4_duration_metric,pct_near_beat_corpus,16.8
huseyni,37,5_position,mean_norm_pos,0.433
huseyni,37,5_position,median_norm_pos,0.391
huseyni,37,5_position,pct_last_quartile,20.5
huseyni,37,6_neighbours,prev_1_degree=44,44
huseyni,37,6_neighbours,prev_2_degree=31,27
huseyni,37,6_neighbours,prev_3_degree=38,5
huseyni,37,6_neighbours,prev_4_degree=37,2
huseyni,37,6_neighbours,next_1_degree=31,46
huseyni,37,6_neighbours,next_2_degree=44,21
huseyni,37,6_neighbours,next_3_degree=0,8
huseyni,37,6_neighbours,next_4_degree=37,2
huseyni,37,6_neighbours,next_5_degree=22,1
huseyni,39,1_distribution,n_pieces_with,34
huseyni,39,1_distribution,total_pieces,92
huseyni,39,1_distribution,pct_pieces_with,36.96
huseyni,39,1_distribution,median_notes_per_piece,7.5
huseyni,39,1_distribution,max_notes_per_piece,136
huseyni,39,1_distribution,total_occurrences,591
huseyni,39,2_companion,comp35_base_rate_piece_pct,81.52
huseyni,39,2_companion,comp35_cooccur_piece_pct,91.18
huseyni,39,2_companion,comp35_window_rate_pct,44.67
huseyni,39,2_companion,comp35_window_base_rate_pct,55.74
huseyni,39,2_companion,comp35_lift,0.801
huseyni,39,2_companion,comp36_base_rate_piece_pct,14.13
huseyni,39,2_companion,comp36_cooccur_piece_pct,26.47
huseyni,39,2_companion,comp36_window_rate_pct,2.03
huseyni,39,2_companion,comp36_window_base_rate_pct,2.62
huseyni,39,2_companion,comp36_lift,0.775
huseyni,39,2_companion,comp37_base_rate_piece_pct,17.39
huseyni,39,2_companion,comp37_cooccur_piece_pct,29.41
huseyni,39,2_companion,comp37_window_rate_pct,3.89
huseyni,39,2_companion,comp37_window_base_rate_pct,6.0
huseyni,39,2_companion,comp37_lift,0.649
huseyni,39,2_companion,comp31_base_rate_piece_pct,97.83
huseyni,39,2_companion,comp31_cooccur_piece_pct,94.12
huseyni,39,2_companion,comp31_window_rate_pct,91.71
huseyni,39,2_companion,comp31_window_base_rate_pct,91.76
huseyni,39,2_companion,comp31_lift,0.999
huseyni,39,2_companion,comp44_base_rate_piece_pct,97.83
huseyni,39,2_companion,comp44_cooccur_piece_pct,100.0
huseyni,39,2_companion,comp44_window_rate_pct,100.0
huseyni,39,2_companion,comp44_window_base_rate_pct,89.41
huseyni,39,2_companion,comp44_lift,1.118
huseyni,39,3_clustering,n_runs,336
huseyni,39,3_clustering,pct_isolated,55.4
huseyni,39,3_clustering,mean_run_length,1.759
huseyni,39,3_clustering,max_run_length,10
huseyni,39,4_duration_metric,mean_dur_ticks_target,54.06
huseyni,39,4_duration_metric,mean_dur_ticks_corpus,55.6
huseyni,39,4_duration_metric,dur_ratio,0.972
huseyni,39,4_duration_metric,pct_near_beat_target,15.1
huseyni,39,4_duration_metric,pct_near_beat_corpus,16.8
huseyni,39,5_position,mean_norm_pos,0.509
huseyni,39,5_position,median_norm_pos,0.537
huseyni,39,5_position,pct_last_quartile,23.7
huseyni,39,6_neighbours,prev_1_degree=44,325
huseyni,39,6_neighbours,prev_2_degree=31,171
huseyni,39,6_neighbours,prev_3_degree=39,47
huseyni,39,6_neighbours,prev_4_degree=0,22
huseyni,39,6_neighbours,prev_5_degree=35,12
huseyni,39,6_neighbours,next_1_degree=44,260
huseyni,39,6_neighbours,next_2_degree=31,193
huseyni,39,6_neighbours,next_3_degree=39,47
huseyni,39,6_neighbours,next_4_degree=22,33
huseyni,39,6_neighbours,next_5_degree=28,17
huseyni,37,7_length_control,n_with_d37,16
huseyni,37,7_length_control,mean_len_with_d37,444.69
huseyni,37,7_length_control,n_without_d37,76
huseyni,37,7_length_control,mean_len_without_d37,369.96
huseyni,37,7_length_control,length_ttest_t,1.1851
huseyni,37,7_length_control,length_ttest_p,0.248789
huseyni,37,7_length_control,length_mannwhitney_U,725.0
huseyni,37,7_length_control,length_mannwhitney_p,0.230103
huseyni,37,7_length_control,logit_OR_d37_on_d39,3.4767
huseyni,37,7_length_control,logit_OR_ci_lo,1.1241
huseyni,37,7_length_control,logit_OR_ci_hi,10.7536
huseyni,37,7_length_control,logit_p_d37,0.030544
huseyni,37,7_length_control,raw_rate_d39_given_d37,62.5
huseyni,37,7_length_control,raw_rate_d39_given_no_d37,31.58
