maqam,key,value
Uşşak,n_seeds_ok,40.0
Uşşak,obs_note_mean,0.035242
Uşşak,perm_mean,0.299327
Uşşak,perm_sd,0.005979
Uşşak,perm_p2_5,0.287136
Uşşak,perm_p97_5,0.3094
Uşşak,dh_baseline_analytic,0.13778
Uşşak,obs_percentile_rank_pct,0.0
Uşşak,z,-44.166915
Uşşak,emp_p,0.02439
Uşşak,struct_info_mean,0.250246
Uşşak,struct_info_med,0.244339
Uşşak,perm_note_mean_seed1,0.300761
Uşşak,perm_note_mean_seed2,0.288997
Uşşak,perm_note_mean_seed3,0.302029
Uşşak,perm_note_mean_seed4,0.30344
Uşşak,perm_note_mean_seed5,0.29309
Uşşak,perm_note_mean_seed6,0.300531
Uşşak,perm_note_mean_seed7,0.293947
Uşşak,perm_note_mean_seed8,0.293939
Uşşak,perm_note_mean_seed9,0.311397
Uşşak,perm_note_mean_seed10,0.293507
Uşşak,perm_note_mean_seed11,0.303361
Uşşak,perm_note_mean_seed12,0.304306
Uşşak,perm_note_mean_seed13,0.298009
Uşşak,perm_note_mean_seed14,0.304599
Uşşak,perm_note_mean_seed15,0.298316
Uşşak,perm_note_mean_seed16,0.287217
Uşşak,perm_note_mean_seed17,0.299666
Uşşak,perm_note_mean_seed18,0.306007
Uşşak,perm_note_mean_seed19,0.299778
Uşşak,perm_note_mean_seed20,0.302846
Uşşak,perm_note_mean_seed21,0.293054
Uşşak,perm_note_mean_seed22,0.295412
Uşşak,perm_note_mean_seed23,0.291731
Uşşak,perm_note_mean_seed24,0.298291
Uşşak,perm_note_mean_seed25,0.303773
Uşşak,perm_note_mean_seed26,0.305269
Uşşak,perm_note_mean_seed27,0.283986
Uşşak,perm_note_mean_seed28,0.309348
Uşşak,perm_note_mean_seed29,0.300969
Uşşak,perm_note_mean_seed30,0.30251
Uşşak,perm_note_mean_seed31,0.307332
Uşşak,perm_note_mean_seed32,0.305351
Uşşak,perm_note_mean_seed33,0.29931
Uşşak,perm_note_mean_seed34,0.29903
Uşşak,perm_note_mean_seed35,0.299642
Uşşak,perm_note_mean_seed36,0.293918
Uşşak,perm_note_mean_seed37,0.302035
Uşşak,perm_note_mean_seed38,0.296149
Uşşak,perm_note_mean_seed39,0.304708
Uşşak,perm_note_mean_seed40,0.295516
Uşşak,struct_info_piece_0,0.265133
Uşşak,struct_info_piece_1,0.172684
Uşşak,struct_info_piece_2,0.133889
Uşşak,struct_info_piece_3,0.022933
Uşşak,struct_info_piece_4,0.084721
Uşşak,struct_info_piece_5,0.07321
Uşşak,struct_info_piece_6,0.516553
Uşşak,struct_info_piece_7,0.224507
Uşşak,struct_info_piece_8,0.178154
Uşşak,struct_info_piece_9,0.128375
Uşşak,struct_info_piece_10,0.279548
Uşşak,struct_info_piece_11,0.060232
Uşşak,struct_info_piece_12,0.242122
Uşşak,struct_info_piece_13,0.344198
Uşşak,struct_info_piece_14,0.113234
Uşşak,struct_info_piece_15,0.386184
Uşşak,struct_info_piece_16,0.089325
Uşşak,struct_info_piece_17,0.231203
Uşşak,struct_info_piece_18,0.357671
Uşşak,struct_info_piece_19,0.112461
Uşşak,struct_info_piece_20,0.080993
Uşşak,struct_info_piece_21,0.028684
Uşşak,struct_info_piece_22,0.124185
Uşşak,struct_info_piece_23,0.403393
Uşşak,struct_info_piece_24,0.194324
Uşşak,struct_info_piece_25,0.29061
Uşşak,struct_info_piece_26,0.2287
Uşşak,struct_info_piece_27,0.249882
Uşşak,struct_info_piece_28,0.615247
Uşşak,struct_info_piece_29,0.372253
Uşşak,struct_info_piece_30,0.327225
Uşşak,struct_info_piece_31,0.285244
Uşşak,struct_info_piece_32,0.274777
Uşşak,struct_info_piece_33,0.167465
Uşşak,struct_info_piece_34,0.518383
Uşşak,struct_info_piece_35,0.160953
Uşşak,struct_info_piece_36,0.282603
Uşşak,struct_info_piece_37,0.156571
Uşşak,struct_info_piece_38,0.243829
Uşşak,struct_info_piece_39,0.301434
Uşşak,struct_info_piece_40,0.188852
Uşşak,struct_info_piece_41,0.531938
Uşşak,struct_info_piece_42,0.346731
Uşşak,struct_info_piece_43,0.232125
Uşşak,struct_info_piece_44,0.409919
Uşşak,struct_info_piece_45,0.338169
Uşşak,struct_info_piece_46,0.245252
Uşşak,struct_info_piece_47,0.337523
Uşşak,struct_info_piece_48,0.14205
Uşşak,struct_info_piece_49,0.216862
Uşşak,struct_info_piece_50,0.244339
Uşşak,struct_info_piece_51,0.301399
Uşşak,struct_info_piece_52,0.282137
Uşşak,struct_info_piece_53,0.330133
Uşşak,struct_info_piece_54,0.292913
Uşşak,struct_info_piece_55,0.196957
Uşşak,struct_info_piece_56,0.467125
Uşşak,struct_info_piece_57,0.293138
Uşşak,struct_info_piece_58,0.273583
Uşşak,struct_info_piece_59,0.294993
Uşşak,struct_info_piece_60,0.199696
Uşşak,struct_info_piece_61,0.225195
Uşşak,struct_info_piece_62,0.21069
Uşşak,struct_info_piece_63,0.274274
Uşşak,struct_info_piece_64,0.144857
Uşşak,struct_info_piece_65,0.269437
Uşşak,struct_info_piece_66,0.138363
Uşşak,struct_info_piece_67,0.22868
Uşşak,struct_info_piece_68,0.37359
Uşşak,struct_info_piece_69,0.129342
Uşşak,struct_info_piece_70,0.246467
Uşşak,struct_info_piece_71,0.298946
Uşşak,struct_info_piece_72,0.306993
Uşşak,struct_info_piece_73,0.154759
Uşşak,struct_info_piece_74,0.117533
Uşşak,struct_info_piece_75,0.361341
Uşşak,struct_info_piece_76,0.166972
Uşşak,struct_info_piece_77,0.382135
Uşşak,struct_info_piece_78,0.249463
Uşşak,struct_info_piece_79,0.220298
Uşşak,struct_info_piece_80,0.268268
Uşşak,struct_info_piece_81,0.312151
Uşşak,struct_info_piece_82,0.138611
Uşşak,struct_info_piece_83,0.188936
Uşşak,struct_info_piece_84,0.258839
Uşşak,struct_info_piece_85,0.224497
Uşşak,struct_info_piece_86,0.177958
Uşşak,struct_info_piece_87,0.101029
Uşşak,struct_info_piece_88,0.149665
Uşşak,struct_info_piece_89,-0.017214
Uşşak,struct_info_piece_90,0.117245
Uşşak,struct_info_piece_91,0.295568
Uşşak,struct_info_piece_92,0.200862
Uşşak,struct_info_piece_93,0.342484
Uşşak,struct_info_piece_94,0.199231
Uşşak,struct_info_piece_95,0.273191
Uşşak,struct_info_piece_96,0.253744
Uşşak,struct_info_piece_97,0.356502
Uşşak,struct_info_piece_98,0.084343
Uşşak,struct_info_piece_99,0.153689
Uşşak,struct_info_piece_100,0.264875
Uşşak,struct_info_piece_101,0.372761
Uşşak,struct_info_piece_102,0.164973
Uşşak,struct_info_piece_103,0.382339
Uşşak,struct_info_piece_104,0.202527
Uşşak,struct_info_piece_105,0.360694
Uşşak,struct_info_piece_106,0.264988
Uşşak,struct_info_piece_107,0.48987
Uşşak,struct_info_piece_108,0.384953
Uşşak,struct_info_piece_109,0.234832
Uşşak,struct_info_piece_110,0.293704
Uşşak,struct_info_piece_111,0.476272
Uşşak,struct_info_piece_112,0.224408
Uşşak,struct_info_piece_113,0.170167
Uşşak,struct_info_piece_114,0.237799
Uşşak,struct_info_piece_115,0.230378
Uşşak,struct_info_piece_116,0.455423
Hüseyni,n_seeds_ok,40.0
Hüseyni,obs_note_mean,0.047357
Hüseyni,perm_mean,0.335601
Hüseyni,perm_sd,0.006803
Hüseyni,perm_p2_5,0.321946
Hüseyni,perm_p97_5,0.34643
Hüseyni,dh_baseline_analytic,0.15268
Hüseyni,obs_percentile_rank_pct,0.0
Hüseyni,z,-42.37092
Hüseyni,emp_p,0.02439
Hüseyni,struct_info_mean,0.237113
Hüseyni,struct_info_med,0.26839
Hüseyni,perm_note_mean_seed1,0.335708
Hüseyni,perm_note_mean_seed2,0.337294
Hüseyni,perm_note_mean_seed3,0.324074
Hüseyni,perm_note_mean_seed4,0.33791
Hüseyni,perm_note_mean_seed5,0.320663
Hüseyni,perm_note_mean_seed6,0.336763
Hüseyni,perm_note_mean_seed7,0.330489
Hüseyni,perm_note_mean_seed8,0.339265
Hüseyni,perm_note_mean_seed9,0.342018
Hüseyni,perm_note_mean_seed10,0.33334
Hüseyni,perm_note_mean_seed11,0.326896
Hüseyni,perm_note_mean_seed12,0.34899
Hüseyni,perm_note_mean_seed13,0.340081
Hüseyni,perm_note_mean_seed14,0.324602
Hüseyni,perm_note_mean_seed15,0.330117
Hüseyni,perm_note_mean_seed16,0.334946
Hüseyni,perm_note_mean_seed17,0.339078
Hüseyni,perm_note_mean_seed18,0.337997
Hüseyni,perm_note_mean_seed19,0.339578
Hüseyni,perm_note_mean_seed20,0.333348
Hüseyni,perm_note_mean_seed21,0.32772
Hüseyni,perm_note_mean_seed22,0.339592
Hüseyni,perm_note_mean_seed23,0.321979
Hüseyni,perm_note_mean_seed24,0.343226
Hüseyni,perm_note_mean_seed25,0.333946
Hüseyni,perm_note_mean_seed26,0.336331
Hüseyni,perm_note_mean_seed27,0.340497
Hüseyni,perm_note_mean_seed28,0.346364
Hüseyni,perm_note_mean_seed29,0.338253
Hüseyni,perm_note_mean_seed30,0.342302
Hüseyni,perm_note_mean_seed31,0.325714
Hüseyni,perm_note_mean_seed32,0.337892
Hüseyni,perm_note_mean_seed33,0.343806
Hüseyni,perm_note_mean_seed34,0.342654
Hüseyni,perm_note_mean_seed35,0.326753
Hüseyni,perm_note_mean_seed36,0.33804
Hüseyni,perm_note_mean_seed37,0.342726
Hüseyni,perm_note_mean_seed38,0.332637
Hüseyni,perm_note_mean_seed39,0.333322
Hüseyni,perm_note_mean_seed40,0.337137
Hüseyni,struct_info_piece_0,0.031688
Hüseyni,struct_info_piece_1,-0.404842
Hüseyni,struct_info_piece_2,0.307758
Hüseyni,struct_info_piece_3,0.462273
Hüseyni,struct_info_piece_4,0.288163
Hüseyni,struct_info_piece_5,0.577288
Hüseyni,struct_info_piece_6,0.412257
Hüseyni,struct_info_piece_7,0.202158
Hüseyni,struct_info_piece_8,0.107732
Hüseyni,struct_info_piece_9,0.253464
Hüseyni,struct_info_piece_10,0.219313
Hüseyni,struct_info_piece_11,0.279386
Hüseyni,struct_info_piece_12,0.340911
Hüseyni,struct_info_piece_13,0.016379
Hüseyni,struct_info_piece_14,0.233012
Hüseyni,struct_info_piece_15,0.305558
Hüseyni,struct_info_piece_16,-0.329844
Hüseyni,struct_info_piece_17,-0.509229
Hüseyni,struct_info_piece_18,0.125709
Hüseyni,struct_info_piece_19,0.28556
Hüseyni,struct_info_piece_20,0.161087
Hüseyni,struct_info_piece_21,0.124134
Hüseyni,struct_info_piece_22,0.323804
Hüseyni,struct_info_piece_23,0.341233
Hüseyni,struct_info_piece_24,0.29518
Hüseyni,struct_info_piece_25,0.167426
Hüseyni,struct_info_piece_26,0.299282
Hüseyni,struct_info_piece_27,0.381856
Hüseyni,struct_info_piece_28,0.261802
Hüseyni,struct_info_piece_29,0.290557
Hüseyni,struct_info_piece_30,0.365929
Hüseyni,struct_info_piece_31,0.304924
Hüseyni,struct_info_piece_32,0.407406
Hüseyni,struct_info_piece_33,0.200162
Hüseyni,struct_info_piece_34,0.187407
Hüseyni,struct_info_piece_35,0.197943
Hüseyni,struct_info_piece_36,0.290001
Hüseyni,struct_info_piece_37,0.334892
Hüseyni,struct_info_piece_38,0.187033
Hüseyni,struct_info_piece_39,0.351056
Hüseyni,struct_info_piece_40,0.392841
Hüseyni,struct_info_piece_41,0.096365
Hüseyni,struct_info_piece_42,0.21496
Hüseyni,struct_info_piece_43,0.401782
Hüseyni,struct_info_piece_44,0.029632
Hüseyni,struct_info_piece_45,0.109987
Hüseyni,struct_info_piece_46,0.273414
Hüseyni,struct_info_piece_47,0.366746
Hüseyni,struct_info_piece_48,0.206252
Hüseyni,struct_info_piece_49,0.269146
Hüseyni,struct_info_piece_50,0.064932
Hüseyni,struct_info_piece_51,0.367376
Hüseyni,struct_info_piece_52,0.289537
Hüseyni,struct_info_piece_53,0.145155
Hüseyni,struct_info_piece_54,0.267633
Hüseyni,struct_info_piece_55,0.437965
Hüseyni,struct_info_piece_56,0.337294
Hüseyni,struct_info_piece_57,0.150864
Hüseyni,struct_info_piece_58,0.081795
Hüseyni,struct_info_piece_59,0.180071
Hüseyni,struct_info_piece_60,0.20227
Hüseyni,struct_info_piece_61,0.186458
Hüseyni,struct_info_piece_62,0.235649
Hüseyni,struct_info_piece_63,0.196487
Hüseyni,struct_info_piece_64,0.222357
Hüseyni,struct_info_piece_65,0.27374
Hüseyni,struct_info_piece_66,0.271428
Hüseyni,struct_info_piece_67,0.169382
Hüseyni,struct_info_piece_68,0.383911
Hüseyni,struct_info_piece_69,0.138505
Hüseyni,struct_info_piece_70,0.506503
Hüseyni,struct_info_piece_71,0.399955
Hüseyni,struct_info_piece_72,0.34786
Hüseyni,struct_info_piece_73,0.075675
Hüseyni,struct_info_piece_74,0.246299
Hüseyni,struct_info_piece_75,0.181611
Hüseyni,struct_info_piece_76,0.28328
Hüseyni,struct_info_piece_77,0.305519
Hüseyni,struct_info_piece_78,0.295102
Hüseyni,struct_info_piece_79,0.256919
Hüseyni,struct_info_piece_80,0.213248
Hüseyni,struct_info_piece_81,0.364584
Hüseyni,struct_info_piece_82,0.320275
Hüseyni,struct_info_piece_83,0.42048
Hüseyni,struct_info_piece_84,0.332162
Hüseyni,struct_info_piece_85,0.189731
Hüseyni,struct_info_piece_86,0.16501
Hüseyni,struct_info_piece_87,0.319992
Nihâvend,n_seeds_ok,40.0
Nihâvend,obs_note_mean,0.02237
Nihâvend,perm_mean,0.120719
Nihâvend,perm_sd,0.005262
Nihâvend,perm_p2_5,0.109649
Nihâvend,perm_p97_5,0.131381
Nihâvend,dh_baseline_analytic,0.0501
Nihâvend,obs_percentile_rank_pct,0.0
Nihâvend,z,-18.690312
Nihâvend,emp_p,0.02439
Nihâvend,struct_info_mean,0.089489
Nihâvend,struct_info_med,0.090176
Nihâvend,perm_note_mean_seed1,0.119202
Nihâvend,perm_note_mean_seed2,0.128243
Nihâvend,perm_note_mean_seed3,0.112607
Nihâvend,perm_note_mean_seed4,0.121581
Nihâvend,perm_note_mean_seed5,0.127052
Nihâvend,perm_note_mean_seed6,0.120024
Nihâvend,perm_note_mean_seed7,0.118286
Nihâvend,perm_note_mean_seed8,0.12435
Nihâvend,perm_note_mean_seed9,0.117918
Nihâvend,perm_note_mean_seed10,0.126926
Nihâvend,perm_note_mean_seed11,0.115797
Nihâvend,perm_note_mean_seed12,0.123227
Nihâvend,perm_note_mean_seed13,0.114201
Nihâvend,perm_note_mean_seed14,0.118474
Nihâvend,perm_note_mean_seed15,0.124581
Nihâvend,perm_note_mean_seed16,0.115268
Nihâvend,perm_note_mean_seed17,0.121448
Nihâvend,perm_note_mean_seed18,0.118314
Nihâvend,perm_note_mean_seed19,0.12188
Nihâvend,perm_note_mean_seed20,0.117932
Nihâvend,perm_note_mean_seed21,0.12201
Nihâvend,perm_note_mean_seed22,0.121443
Nihâvend,perm_note_mean_seed23,0.114177
Nihâvend,perm_note_mean_seed24,0.117534
Nihâvend,perm_note_mean_seed25,0.119504
Nihâvend,perm_note_mean_seed26,0.120929
Nihâvend,perm_note_mean_seed27,0.131331
Nihâvend,perm_note_mean_seed28,0.117595
Nihâvend,perm_note_mean_seed29,0.1172
Nihâvend,perm_note_mean_seed30,0.124097
Nihâvend,perm_note_mean_seed31,0.109667
Nihâvend,perm_note_mean_seed32,0.108971
Nihâvend,perm_note_mean_seed33,0.124277
Nihâvend,perm_note_mean_seed34,0.121722
Nihâvend,perm_note_mean_seed35,0.125256
Nihâvend,perm_note_mean_seed36,0.12618
Nihâvend,perm_note_mean_seed37,0.118844
Nihâvend,perm_note_mean_seed38,0.133348
Nihâvend,perm_note_mean_seed39,0.122549
Nihâvend,perm_note_mean_seed40,0.124821
Nihâvend,struct_info_piece_0,0.027403
Nihâvend,struct_info_piece_1,0.122954
Nihâvend,struct_info_piece_2,0.183017
Nihâvend,struct_info_piece_3,0.057911
Nihâvend,struct_info_piece_4,-0.134287
Nihâvend,struct_info_piece_5,0.052022
Nihâvend,struct_info_piece_6,0.041219
Nihâvend,struct_info_piece_7,0.038478
Nihâvend,struct_info_piece_8,0.045454
Nihâvend,struct_info_piece_9,0.081931
Nihâvend,struct_info_piece_10,0.020132
Nihâvend,struct_info_piece_11,0.025684
Nihâvend,struct_info_piece_12,0.031357
Nihâvend,struct_info_piece_13,0.031011
Nihâvend,struct_info_piece_14,0.143757
Nihâvend,struct_info_piece_15,0.0637
Nihâvend,struct_info_piece_16,0.024765
Nihâvend,struct_info_piece_17,0.026437
Nihâvend,struct_info_piece_18,0.102528
Nihâvend,struct_info_piece_19,0.243661
Nihâvend,struct_info_piece_20,0.074133
Nihâvend,struct_info_piece_21,0.074383
Nihâvend,struct_info_piece_22,-0.147638
Nihâvend,struct_info_piece_23,0.109073
Nihâvend,struct_info_piece_24,0.077845
Nihâvend,struct_info_piece_25,0.069953
Nihâvend,struct_info_piece_26,0.122313
Nihâvend,struct_info_piece_27,0.096733
Nihâvend,struct_info_piece_28,0.082971
Nihâvend,struct_info_piece_29,0.180495
Nihâvend,struct_info_piece_30,0.13159
Nihâvend,struct_info_piece_31,0.138744
Nihâvend,struct_info_piece_32,0.106181
Nihâvend,struct_info_piece_33,0.180571
Nihâvend,struct_info_piece_34,0.052372
Nihâvend,struct_info_piece_35,0.126886
Nihâvend,struct_info_piece_36,0.11882
Nihâvend,struct_info_piece_37,0.026331
Nihâvend,struct_info_piece_38,0.098332
Nihâvend,struct_info_piece_39,0.106357
Nihâvend,struct_info_piece_40,0.107007
Nihâvend,struct_info_piece_41,0.212715
Nihâvend,struct_info_piece_42,0.099973
Nihâvend,struct_info_piece_43,0.335711
Nihâvend,struct_info_piece_44,0.199038
Nihâvend,struct_info_piece_45,0.086076
Nihâvend,struct_info_piece_46,0.111778
Nihâvend,struct_info_piece_47,0.07641
Nihâvend,struct_info_piece_48,0.098802
Nihâvend,struct_info_piece_49,0.088385
Nihâvend,struct_info_piece_50,0.17358
Nihâvend,struct_info_piece_51,0.125146
Nihâvend,struct_info_piece_52,0.066597
Nihâvend,struct_info_piece_53,0.09447
Nihâvend,struct_info_piece_54,0.107102
Nihâvend,struct_info_piece_55,0.1543
Nihâvend,struct_info_piece_56,0.041563
Nihâvend,struct_info_piece_57,0.067814
Nihâvend,struct_info_piece_58,0.114835
Nihâvend,struct_info_piece_59,0.079128
Nihâvend,struct_info_piece_60,0.102716
Nihâvend,struct_info_piece_61,0.030461
Nihâvend,struct_info_piece_62,0.064419
Nihâvend,struct_info_piece_63,0.10867
Nihâvend,struct_info_piece_64,0.094095
Nihâvend,struct_info_piece_65,0.173873
Nihâvend,struct_info_piece_66,0.173283
Nihâvend,struct_info_piece_67,0.057597
Nihâvend,struct_info_piece_68,0.127409
Nihâvend,struct_info_piece_69,0.03639
Nihâvend,struct_info_piece_70,0.13275
Nihâvend,struct_info_piece_71,0.035396
Nihâvend,struct_info_piece_72,0.092118
Nihâvend,struct_info_piece_73,0.121045
Nihâvend,struct_info_piece_74,0.035932
Nihâvend,struct_info_piece_75,0.105507
Nihâvend,struct_info_piece_76,0.023891
Nihâvend,struct_info_piece_77,0.034903
Nihâvend,struct_info_piece_78,0.03783
Nihâvend,struct_info_piece_79,0.1128
Nihâvend,struct_info_piece_80,0.114855
Nihâvend,struct_info_piece_81,0.105982
Nihâvend,struct_info_piece_82,0.059504
Nihâvend,struct_info_piece_83,-0.112682
Nihâvend,struct_info_piece_84,0.078144
Nihâvend,struct_info_piece_85,0.075974
Nihâvend,struct_info_piece_86,0.046318
Nihâvend,struct_info_piece_87,0.062502
Nihâvend,struct_info_piece_88,0.170959
Nihâvend,struct_info_piece_89,0.064315
Nihâvend,struct_info_piece_90,0.046101
Nihâvend,struct_info_piece_91,0.131929
Nihâvend,struct_info_piece_92,0.145133
Nihâvend,struct_info_piece_93,0.168744
Nihâvend,struct_info_piece_94,0.149361
Nihâvend,struct_info_piece_95,0.095262
Nihâvend,struct_info_piece_96,0.022348
Nihâvend,struct_info_piece_97,0.057395
Nihâvend,struct_info_piece_98,0.143277
Nihâvend,struct_info_piece_99,0.100463
Nihâvend,struct_info_piece_100,-0.010571
Nihâvend,struct_info_piece_101,0.046848
Nihâvend,struct_info_piece_102,0.183696
Nihâvend,struct_info_piece_103,0.222672
Nihâvend,struct_info_piece_104,0.065606
Nihâvend,struct_info_piece_105,0.064307
Nihâvend,struct_info_piece_106,0.052543
Nihâvend,struct_info_piece_107,0.102651
Nihâvend,struct_info_piece_108,0.079631
Nihâvend,struct_info_piece_109,0.106376
Nihâvend,struct_info_piece_110,0.153757
Nihâvend,struct_info_piece_111,0.144916
Nihâvend,struct_info_piece_112,0.091968
Nihâvend,struct_info_piece_113,0.191174
Nihâvend,struct_info_piece_114,0.210182
Nihâvend,struct_info_piece_115,0.253474
Nihâvend,struct_info_piece_116,0.140299
Nihâvend,struct_info_piece_117,0.045372
Nihâvend,struct_info_piece_118,-0.079881
Nihâvend,struct_info_piece_119,0.067886
Nihâvend,struct_info_piece_120,0.02434
Nihâvend,struct_info_piece_121,0.060436
Nihâvend,struct_info_piece_122,0.116725
Nihâvend,struct_info_piece_123,0.09664
Nihâvend,struct_info_piece_124,0.038567
Nihâvend,struct_info_piece_125,0.032645
Nihâvend,struct_info_piece_126,-7.5e-05
Nihâvend,struct_info_piece_127,0.029475
all,KW_H,141.008843
all,KW_p,0.0
all,MW_U,23268.0
all,MW_p,0.0
all,MW_d,1.330812
