maqam,degree,n_pieces_total,n_pieces_with_d,pct_pieces,total_notes
Uşşak,4,117,24,20.51,86
Uşşak,5,117,13,11.11,76
Uşşak,6,117,6,5.13,13
Uşşak,7,117,107,91.45,6134
Uşşak,8,117,27,23.08,828
Uşşak,9,117,9,7.69,31
Hüseyni,4,88,9,10.23,21
Hüseyni,5,88,6,6.82,95
Hüseyni,6,88,1,1.14,2
Hüseyni,7,88,78,88.64,3296
Hüseyni,8,88,28,31.82,418
Hüseyni,9,88,21,23.86,97
Nihâvend,4,128,21,16.41,70
Nihâvend,5,128,5,3.91,16
Nihâvend,6,128,0,0.0,0
Nihâvend,7,128,0,0.0,0
Nihâvend,8,128,0,0.0,0
Nihâvend,9,128,128,100.0,7000
